Firstname,Surname,Address,email,web
REBBECCA,DIDIO,"171 E 24th St, Leith, 7315 TAS",rebbecca.didio@didio.com.au,http://www.brandtjonathanfesq.com.au
STEVIE,HALLO,"22222 Acoma St, Proston, 4613 QLD",stevie.hallo@hotmail.com,http://www.landrumtemporaryservices.com.au
MARIKO,STAYER,"534 Schoenborn St #51, Hamel, 6215 WA",mariko_stayer@hotmail.com,http://www.inabinetmacreesq.com.au
GERARDO,WOODKA,"69206 Jackson Ave, Talmalmo, 2640 NSW",gerardo_woodka@hotmail.com,http://www.morrisdowningsherred.com.au
MAYRA,BENA,"808 Glen Cove Ave, Lane Cove, 1595 NSW",mayra.bena@gmail.com,http://www.bueltdavidlesq.com.au
IDELLA,SCOTLAND,"373 Lafayette St, Cartmeticup, 6316 WA",idella@hotmail.com,http://www.artesianicecoldstorageco.com.au
SHERILL,KLAR,"87 Sylvan Ave, Nyamup, 6258 WA",sklar@hotmail.com,http://www.midwayhotel.com.au
ENA,DESJARDIWS,"60562 Ky Rt 321, Bendick Murrell, 2803 NSW",ena_desjardiws@desjardiws.com.au,http://www.selsorrobertjesq.com.au
VINCE,SIENA,"70 S 18th Pl, Purrawunda, 4356 QLD",vince_siena@yahoo.com,http://www.vincentjpettico.com.au
THERON,JARDING,"8839 Ventura Blvd, Blanchetown, 5357 SA",tjarding@hotmail.com,http://www.prentisspaulfesq.com.au
AMIRA,CHUDEJ,"3684 N Wacker Dr, Rockside, 4343 QLD",amira.chudej@chudej.net.au,http://www.publicworksdepartment.com.au
MARICA,TARBOR,"68828 S 32nd St #6, Rosegarland, 7140 TAS",marica.tarbor@hotmail.com,http://www.prudentiallightingcorp.com.au
SHAWNA,ALBROUGH,"43157 Cypress St, Ringwood, 4343 QLD",shawna.albrough@albrough.com.au,http://www.woodjscottesq.com.au
PAULINA,MAKER,"6 S Hanover Ave, Maylands, 6931 WA",paulina_maker@maker.net.au,http://www.swansonpetersonfnrlhomeinc.com.au
ROSE,JEBB,"27916 Tarrytown Rd, Wooloowin, 4030 QLD",rose@jebb.net.au,http://www.oldcidermillgrove.com.au
REITA,TABAR,"79620 Timber Dr, Arthurville, 2820 NSW",rtabar@hotmail.com,http://www.coopermyersyco.com.au
MAYBELLE,BEWLEY,"387 Airway Cir #62, Mapleton, 4560 QLD",mbewley@yahoo.com,http://www.angelointernational.com.au
CAMELLIA,PYLANT,"570 W Pine St, Tuggerawong, 2259 NSW",camellia_pylant@gmail.com,http://www.blackleywilliamjpa.com.au
ROY,NYBO,"823 Fishers Ln, Red Hill, 2603 ACT",rnybo@nybo.net.au,http://www.phoenixphototype.com.au
ALBERT,SONIER,"4 Brookcrest Dr #7786, Inverlaw, 4610 QLD",albert.sonier@gmail.com,http://www.quartziteprocessinginc.com.au
